vloc,com
0.43589743589743596,Ambang
0.14285714285714288,Bawakaraeng
0.48888888888888904,Buliohuto
0.6363636363636364,Dako
0.7154150197628458,Gandangdewata
0.21818181818181817,Katopasa
0.6025641025641026,Latimojong
0.6323529411764708,Nokilalaki
0.5769230769230769,Torompupu
